window_num,train_end_obs,horizon,fecha,actual,forecast_val,error,abs_error,sq_error,pct_error
1,3500,1,2024-08-02,67.385988,66.771714,0.614274,0.614274,0.377332,0.911575
1,3500,2,2024-08-03,64.709819,65.004406,-0.294587,0.294587,0.086781,0.455243
1,3500,3,2024-08-04,63.618282,64.349117,-0.730835,0.730835,0.53412,1.148781
1,3500,4,2024-08-05,66.663327,66.527872,0.135454,0.135454,0.018348,0.203192
1,3500,5,2024-08-06,66.818527,66.79914,0.019387,0.019387,0.000376,0.029014
1,3500,6,2024-08-07,66.518624,66.828176,-0.309552,0.309552,0.095822,0.465361
1,3500,7,2024-08-08,66.611302,66.844161,-0.232859,0.232859,0.054223,0.349579
1,3500,8,2024-08-09,66.110734,66.663517,-0.552783,0.552783,0.305569,0.836147
1,3500,9,2024-08-10,64.375898,64.892132,-0.516234,0.516234,0.266497,0.801905
1,3500,10,2024-08-11,63.514877,64.304933,-0.790057,0.790057,0.624189,1.243892
1,3500,11,2024-08-12,66.384899,66.575899,-0.191,0.191,0.036481,0.287716
1,3500,12,2024-08-13,65.823086,66.76346,-0.940373,0.940373,0.884302,1.428638
1,3500,13,2024-08-14,65.714913,66.83009,-1.115177,1.115177,1.24362,1.696993
1,3500,14,2024-08-15,63.987707,66.899897,-2.91219,2.91219,8.480853,4.551172
2,3514,1,2024-08-16,65.305175,66.066903,-0.761728,0.761728,0.58023,1.166413
2,3514,2,2024-08-17,63.792086,64.3197,-0.527614,0.527614,0.278376,0.827083
2,3514,3,2024-08-18,63.200806,63.773257,-0.572451,0.572451,0.3277,0.905765
2,3514,4,2024-08-19,65.660591,66.02089,-0.360299,0.360299,0.129816,0.54873
2,3514,5,2024-08-20,66.154228,66.31558,-0.161352,0.161352,0.026035,0.243903
2,3514,6,2024-08-21,66.090778,66.420774,-0.329996,0.329996,0.108897,0.499307
2,3514,7,2024-08-22,66.110843,66.532985,-0.422142,0.422142,0.178204,0.638536
2,3514,8,2024-08-23,65.90117,66.25413,-0.35296,0.35296,0.124581,0.535589
2,3514,9,2024-08-24,64.346951,64.492395,-0.145444,0.145444,0.021154,0.226031
2,3514,10,2024-08-25,63.498804,63.96587,-0.467067,0.467067,0.218151,0.735552
2,3514,11,2024-08-26,66.219155,66.42677,-0.207615,0.207615,0.043104,0.313528
2,3514,12,2024-08-27,66.364721,66.643386,-0.278665,0.278665,0.077654,0.419899
2,3514,13,2024-08-28,66.375909,66.650303,-0.274394,0.274394,0.075292,0.413394
2,3514,14,2024-08-29,67.432124,66.838805,0.593318,0.593318,0.352026,0.879875
3,3528,1,2024-08-30,66.613567,66.207528,0.406039,0.406039,0.164867,0.609544
3,3528,2,2024-08-31,65.621057,64.618679,1.002378,1.002378,1.004762,1.527525
3,3528,3,2024-09-01,64.925191,64.251481,0.67371,0.67371,0.453885,1.037671
3,3528,4,2024-09-02,67.343765,66.476491,0.867274,0.867274,0.752164,1.287831
3,3528,5,2024-09-03,67.173057,66.784387,0.38867,0.38867,0.151064,0.57861
3,3528,6,2024-09-04,68.126593,66.765361,1.361232,1.361232,1.852951,1.998091
3,3528,7,2024-09-05,67.667404,66.808047,0.859358,0.859358,0.738496,1.269973
3,3528,8,2024-09-06,67.792082,66.517834,1.274248,1.274248,1.623707,1.879641
3,3528,9,2024-09-07,65.48846,64.984932,0.503528,0.503528,0.25354,0.76888
3,3528,10,2024-09-08,63.902313,64.597403,-0.69509,0.69509,0.48315,1.087738
3,3528,11,2024-09-09,67.986028,66.765318,1.22071,1.22071,1.490133,1.795531
3,3528,12,2024-09-10,67.317794,67.144691,0.173102,0.173102,0.029964,0.257142
3,3528,13,2024-09-11,67.171387,67.053539,0.117848,0.117848,0.013888,0.175444
3,3528,14,2024-09-12,67.430403,67.223871,0.206531,0.206531,0.042655,0.306288
4,3542,1,2024-09-13,67.758347,67.444667,0.313681,0.313681,0.098395,0.46294
4,3542,2,2024-09-14,65.133364,65.785552,-0.652188,0.652188,0.425349,1.001311
4,3542,3,2024-09-15,64.609417,65.173788,-0.564372,0.564372,0.318515,0.873513
4,3542,4,2024-09-16,67.647436,67.384461,0.262975,0.262975,0.069156,0.388744
4,3542,5,2024-09-17,68.362064,67.568614,0.79345,0.79345,0.629563,1.160658
4,3542,6,2024-09-18,67.865337,67.548602,0.316735,0.316735,0.100321,0.466711
4,3542,7,2024-09-19,68.228196,67.773003,0.455193,0.455193,0.207201,0.667163
4,3542,8,2024-09-20,68.225376,67.553997,0.67138,0.67138,0.450751,0.984062
4,3542,9,2024-09-21,66.422155,65.897678,0.524477,0.524477,0.275076,0.789612
4,3542,10,2024-09-22,65.524147,65.238262,0.285885,0.285885,0.08173,0.436305
4,3542,11,2024-09-23,68.718101,67.430094,1.288007,1.288007,1.658961,1.874334
4,3542,12,2024-09-24,69.165019,67.628258,1.536761,1.536761,2.361634,2.221876
4,3542,13,2024-09-25,68.157911,67.658423,0.499488,0.499488,0.249488,0.732839
4,3542,14,2024-09-26,69.034965,67.876107,1.158857,1.158857,1.34295,1.678653
5,3556,1,2024-09-27,68.514922,68.291656,0.223267,0.223267,0.049848,0.325866
5,3556,2,2024-09-28,66.366057,66.698746,-0.332689,0.332689,0.110682,0.501293
5,3556,3,2024-09-29,65.0416,65.829756,-0.788156,0.788156,0.621189,1.211772
5,3556,4,2024-09-30,68.305835,68.165064,0.140772,0.140772,0.019817,0.20609
5,3556,5,2024-10-01,68.685371,68.362811,0.322559,0.322559,0.104044,0.469618
5,3556,6,2024-10-02,69.172733,68.366302,0.806431,0.806431,0.65033,1.165821
5,3556,7,2024-10-03,70.091247,68.70713,1.384118,1.384118,1.915781,1.974737
5,3556,8,2024-10-04,67.987643,68.279445,-0.291803,0.291803,0.085149,0.4292
5,3556,9,2024-10-05,66.051651,66.654452,-0.602801,0.602801,0.363369,0.912621
5,3556,10,2024-10-06,64.986922,65.867083,-0.880161,0.880161,0.774683,1.354366
5,3556,11,2024-10-07,69.1431,68.214722,0.928377,0.928377,0.861885,1.34269
5,3556,12,2024-10-08,69.74179,68.391131,1.350659,1.350659,1.824279,1.936656
5,3556,13,2024-10-09,69.862253,68.412678,1.449575,1.449575,2.101268,2.074904
5,3556,14,2024-10-10,68.999093,68.657189,0.341904,0.341904,0.116898,0.49552
6,3570,1,2024-10-11,68.708034,68.708026,8e-06,8e-06,0.0,1.1e-05
6,3570,2,2024-10-12,67.586566,67.115334,0.471232,0.471232,0.22206,0.697228
6,3570,3,2024-10-13,66.699536,66.361285,0.338251,0.338251,0.114414,0.507126
6,3570,4,2024-10-14,67.950358,69.267255,-1.316897,1.316897,1.734217,1.938028
6,3570,5,2024-10-15,68.475999,69.239718,-0.763719,0.763719,0.583267,1.115309
6,3570,6,2024-10-16,69.893637,69.085379,0.808258,0.808258,0.653282,1.156412
6,3570,7,2024-10-17,69.683314,69.341906,0.341408,0.341408,0.116559,0.489942
6,3570,8,2024-10-18,68.62495,68.735537,-0.110587,0.110587,0.012229,0.161146
6,3570,9,2024-10-19,66.784969,67.260031,-0.475062,0.475062,0.225684,0.711331
6,3570,10,2024-10-20,65.822124,66.456257,-0.634133,0.634133,0.402125,0.963405
6,3570,11,2024-10-21,67.693475,69.257801,-1.564326,1.564326,2.447117,2.310897
6,3570,12,2024-10-22,68.466126,68.95419,-0.488064,0.488064,0.238206,0.712854
6,3570,13,2024-10-23,68.254485,68.994167,-0.739682,0.739682,0.547129,1.083712
6,3570,14,2024-10-24,68.220148,69.092378,-0.872231,0.872231,0.760786,1.278553
7,3584,1,2024-10-25,68.359709,68.541834,-0.182126,0.182126,0.03317,0.266422
7,3584,2,2024-10-26,67.271266,67.033508,0.237758,0.237758,0.056529,0.353432
7,3584,3,2024-10-27,65.810821,66.22661,-0.415788,0.415788,0.17288,0.631793
7,3584,4,2024-10-28,68.105325,68.3316,-0.226275,0.226275,0.0512,0.332242
7,3584,5,2024-10-29,69.954723,68.474721,1.480002,1.480002,2.190407,2.115657
7,3584,6,2024-10-30,68.968563,68.541178,0.427385,0.427385,0.182658,0.619681
7,3584,7,2024-10-31,68.625692,68.725141,-0.099449,0.099449,0.00989,0.144916
7,3584,8,2024-11-01,66.783517,68.541445,-1.757928,1.757928,3.09031,2.632278
7,3584,9,2024-11-02,66.437876,67.028756,-0.59088,0.59088,0.349139,0.889372
7,3584,10,2024-11-03,65.604949,66.247421,-0.642472,0.642472,0.41277,0.979304
7,3584,11,2024-11-04,68.05647,68.289618,-0.233148,0.233148,0.054358,0.342581
7,3584,12,2024-11-05,67.976946,68.51144,-0.534494,0.534494,0.285684,0.786288
7,3584,13,2024-11-06,68.526076,68.456604,0.069472,0.069472,0.004826,0.10138
7,3584,14,2024-11-07,68.100102,68.617231,-0.517129,0.517129,0.267423,0.759366
8,3598,1,2024-11-08,68.187384,68.240326,-0.052942,0.052942,0.002803,0.077641
8,3598,2,2024-11-09,66.489585,66.797287,-0.307702,0.307702,0.09468,0.462782
8,3598,3,2024-11-10,66.121959,66.297965,-0.176006,0.176006,0.030978,0.266183
8,3598,4,2024-11-11,67.829379,68.293181,-0.463802,0.463802,0.215112,0.683777
8,3598,5,2024-11-12,68.031425,68.350833,-0.319408,0.319408,0.102022,0.469501
8,3598,6,2024-11-13,69.389848,68.434663,0.955185,0.955185,0.912379,1.376549
8,3598,7,2024-11-14,68.433793,68.584282,-0.150489,0.150489,0.022647,0.219905
8,3598,8,2024-11-15,68.124841,68.314515,-0.189675,0.189675,0.035976,0.278422
8,3598,9,2024-11-16,66.790552,66.792861,-0.002308,0.002308,5e-06,0.003456
8,3598,10,2024-11-17,68.709244,66.273007,2.436237,2.436237,5.935251,3.545719
8,3598,11,2024-11-18,68.542182,68.1241,0.418082,0.418082,0.174793,0.609963
8,3598,12,2024-11-19,68.250272,68.379531,-0.129259,0.129259,0.016708,0.18939
8,3598,13,2024-11-20,68.300869,68.294168,0.006701,0.006701,4.5e-05,0.009811
8,3598,14,2024-11-21,68.372431,68.586357,-0.213926,0.213926,0.045764,0.312883
9,3612,1,2024-11-22,68.577556,68.130626,0.44693,0.44693,0.199747,0.651715
9,3612,2,2024-11-23,67.155431,66.835409,0.320021,0.320021,0.102414,0.476539
9,3612,3,2024-11-24,66.247782,66.633713,-0.385931,0.385931,0.148943,0.582557
9,3612,4,2024-11-25,69.062868,68.10892,0.953948,0.953948,0.910018,1.381275
9,3612,5,2024-11-26,68.701922,68.24661,0.455311,0.455311,0.207308,0.662734
9,3612,6,2024-11-27,69.132854,68.297811,0.835043,0.835043,0.697296,1.207881
9,3612,7,2024-11-28,68.781467,68.404888,0.37658,0.37658,0.141812,0.547502
9,3612,8,2024-11-29,68.702179,68.061397,0.640781,0.640781,0.410601,0.932694
9,3612,9,2024-11-30,66.712825,66.722129,-0.009304,0.009304,8.7e-05,0.013946
9,3612,10,2024-12-01,66.879076,66.523741,0.355335,0.355335,0.126263,0.53131
9,3612,11,2024-12-02,68.288789,68.207855,0.080934,0.080934,0.00655,0.118518
9,3612,12,2024-12-03,68.564816,68.197352,0.367464,0.367464,0.13503,0.535936
9,3612,13,2024-12-04,68.869992,68.226407,0.643585,0.643585,0.414202,0.934493
9,3612,14,2024-12-05,68.682408,68.421751,0.260657,0.260657,0.067942,0.379511
10,3626,1,2024-12-06,66.257819,68.440518,-2.182699,2.182699,4.764174,3.294251
10,3626,2,2024-12-07,66.151354,66.904003,-0.752649,0.752649,0.56648,1.137768
10,3626,3,2024-12-08,65.611533,66.1257,-0.514167,0.514167,0.264368,0.783653
10,3626,4,2024-12-09,68.132517,68.200872,-0.068355,0.068355,0.004672,0.100327
10,3626,5,2024-12-10,68.327229,68.408475,-0.081246,0.081246,0.006601,0.118907
10,3626,6,2024-12-11,68.819195,68.476357,0.342837,0.342837,0.117538,0.498171
10,3626,7,2024-12-12,68.552364,68.544367,0.007997,0.007997,6.4e-05,0.011665
10,3626,8,2024-12-13,69.025005,68.337842,0.687163,0.687163,0.472193,0.995528
10,3626,9,2024-12-14,67.303087,66.915608,0.387479,0.387479,0.15014,0.575723
10,3626,10,2024-12-15,66.751018,66.048665,0.702352,0.702352,0.493299,1.052197
10,3626,11,2024-12-16,68.386997,68.108682,0.278315,0.278315,0.077459,0.406971
10,3626,12,2024-12-17,68.419644,68.291099,0.128545,0.128545,0.016524,0.187877
10,3626,13,2024-12-18,68.509369,68.340458,0.16891,0.16891,0.028531,0.246551
10,3626,14,2024-12-19,68.618713,68.509249,0.109464,0.109464,0.011982,0.159525
11,3640,1,2024-12-20,68.698504,68.365836,0.332668,0.332668,0.110668,0.484244
11,3640,2,2024-12-21,67.151635,66.891626,0.260008,0.260008,0.067604,0.387196
11,3640,3,2024-12-22,69.809212,66.298911,3.510301,3.510301,12.322216,5.028421
11,3640,4,2024-12-23,67.875941,68.029801,-0.15386,0.15386,0.023673,0.226678
11,3640,5,2024-12-24,66.807222,68.302257,-1.495036,1.495036,2.235132,2.237836
11,3640,6,2024-12-25,64.611789,68.32218,-3.710392,3.710392,13.767007,5.742593
11,3640,7,2024-12-26,67.843221,68.551151,-0.70793,0.70793,0.501166,1.04348
11,3640,8,2024-12-27,67.681945,68.286642,-0.604697,0.604697,0.365659,0.89344
11,3640,9,2024-12-28,66.630143,66.850721,-0.220578,0.220578,0.048655,0.331048
11,3640,10,2024-12-29,65.99838,66.221279,-0.2229,0.2229,0.049684,0.337735
11,3640,11,2024-12-30,67.614297,68.126285,-0.511988,0.511988,0.262132,0.757219
11,3640,12,2024-12-31,66.672628,68.459178,-1.78655,1.78655,3.191761,2.679586
11,3640,13,2025-01-01,64.915755,68.455502,-3.539747,3.539747,12.529811,5.452832
11,3640,14,2025-01-02,67.828193,68.555632,-0.727439,0.727439,0.529168,1.072473
12,3654,1,2025-01-03,67.958035,67.432079,0.525956,0.525956,0.276629,0.773942
12,3654,2,2025-01-04,66.374938,66.34076,0.034178,0.034178,0.001168,0.051493
12,3654,3,2025-01-05,67.51605,66.166646,1.349404,1.349404,1.820892,1.998642
12,3654,4,2025-01-06,66.589356,67.337505,-0.748149,0.748149,0.559727,1.123527
12,3654,5,2025-01-07,68.109508,67.332817,0.776691,0.776691,0.603249,1.140356
12,3654,6,2025-01-08,69.310156,67.508441,1.801716,1.801716,3.246179,2.599497
12,3654,7,2025-01-09,70.207297,67.675363,2.531935,2.531935,6.410693,3.60637
12,3654,8,2025-01-10,68.061633,67.474443,0.58719,0.58719,0.344792,0.862733
12,3654,9,2025-01-11,66.927388,66.404817,0.52257,0.52257,0.27308,0.780802
12,3654,10,2025-01-12,65.856512,66.30012,-0.443608,0.443608,0.196788,0.673597
12,3654,11,2025-01-13,68.233676,67.343428,0.890248,0.890248,0.792541,1.304705
12,3654,12,2025-01-14,68.05152,67.392333,0.659186,0.659186,0.434527,0.968658
12,3654,13,2025-01-15,68.164554,67.567276,0.597277,0.597277,0.35674,0.876228
12,3654,14,2025-01-16,68.452771,67.781357,0.671413,0.671413,0.450796,0.980842
13,3668,1,2025-01-17,68.314215,68.220407,0.093808,0.093808,0.0088,0.137318
13,3668,2,2025-01-18,66.54619,66.877073,-0.330883,0.330883,0.109483,0.497223
13,3668,3,2025-01-19,66.277929,66.403896,-0.125966,0.125966,0.015868,0.190058
13,3668,4,2025-01-20,70.296454,68.018645,2.277809,2.277809,5.188413,3.24029
13,3668,5,2025-01-21,71.124925,68.149622,2.975303,2.975303,8.852431,4.183208
13,3668,6,2025-01-22,70.404751,68.277772,2.126979,2.126979,4.52404,3.021073
13,3668,7,2025-01-23,69.405948,68.464303,0.941644,0.941644,0.886694,1.35672
13,3668,8,2025-01-24,69.07411,68.233272,0.840837,0.840837,0.707008,1.217297
13,3668,9,2025-01-25,67.804191,66.783007,1.021184,1.021184,1.042816,1.506077
13,3668,10,2025-01-26,66.722291,66.318948,0.403342,0.403342,0.162685,0.604509
13,3668,11,2025-01-27,69.852881,68.03754,1.815342,1.815342,3.295465,2.598807
13,3668,12,2025-01-28,69.502352,68.145265,1.357087,1.357087,1.841686,1.952578
13,3668,13,2025-01-29,70.026033,68.108349,1.917684,1.917684,3.677511,2.73853
13,3668,14,2025-01-30,68.696529,68.374662,0.321867,0.321867,0.103598,0.468535
14,3682,1,2025-01-31,68.674246,69.091949,-0.417703,0.417703,0.174476,0.608238
14,3682,2,2025-02-01,66.913382,67.603376,-0.689994,0.689994,0.476092,1.031176
14,3682,3,2025-02-02,65.905995,66.716261,-0.810265,0.810265,0.65653,1.229426
14,3682,4,2025-02-03,68.539318,69.15538,-0.616062,0.616062,0.379532,0.898844
14,3682,5,2025-02-04,68.361347,69.128032,-0.766685,0.766685,0.587805,1.121518
14,3682,6,2025-02-05,68.777462,69.259583,-0.482121,0.482121,0.232441,0.700987
14,3682,7,2025-02-06,68.157356,69.349772,-1.192416,1.192416,1.421856,1.749505
14,3682,8,2025-02-07,69.438051,69.129306,0.308744,0.308744,0.095323,0.444633
14,3682,9,2025-02-08,67.617733,67.617338,0.000394,0.000394,0.0,0.000583
14,3682,10,2025-02-09,66.368271,66.751037,-0.382766,0.382766,0.14651,0.57673
14,3682,11,2025-02-10,68.366702,69.068918,-0.702216,0.702216,0.493108,1.027132
14,3682,12,2025-02-11,68.160577,68.985536,-0.824959,0.824959,0.680557,1.210317
14,3682,13,2025-02-12,69.024878,69.121057,-0.096179,0.096179,0.00925,0.13934
14,3682,14,2025-02-13,68.384052,69.128639,-0.744586,0.744586,0.554409,1.08883
15,3696,1,2025-02-14,68.098174,68.471779,-0.373605,0.373605,0.13958,0.548626
15,3696,2,2025-02-15,66.703425,66.993485,-0.29006,0.29006,0.084135,0.43485
15,3696,3,2025-02-16,65.448223,66.283236,-0.835013,0.835013,0.697247,1.275838
15,3696,4,2025-02-17,68.462812,68.42984,0.032972,0.032972,0.001087,0.048161
15,3696,5,2025-02-18,68.128775,68.461515,-0.33274,0.33274,0.110716,0.488398
15,3696,6,2025-02-19,68.261655,68.510001,-0.248345,0.248345,0.061675,0.363814
15,3696,7,2025-02-20,68.155326,68.571486,-0.416161,0.416161,0.17319,0.610606
15,3696,8,2025-02-21,68.068508,68.498448,-0.42994,0.42994,0.184848,0.631628
15,3696,9,2025-02-22,66.502839,67.024928,-0.522089,0.522089,0.272577,0.785063
15,3696,10,2025-02-23,66.493586,66.231748,0.261838,0.261838,0.068559,0.393779
15,3696,11,2025-02-24,68.245774,68.463425,-0.21765,0.21765,0.047372,0.318922
15,3696,12,2025-02-25,68.31831,68.487558,-0.169248,0.169248,0.028645,0.247735
15,3696,13,2025-02-26,67.805266,68.522412,-0.717146,0.717146,0.514299,1.057656
15,3696,14,2025-02-27,69.83891,68.614987,1.223923,1.223923,1.497987,1.752494
16,3710,1,2025-02-28,68.557234,68.240475,0.316759,0.316759,0.100336,0.462036
16,3710,2,2025-03-01,69.104043,66.692889,2.411154,2.411154,5.813665,3.489165
16,3710,3,2025-03-02,69.41353,66.104417,3.309113,3.309113,10.950228,4.767245
16,3710,4,2025-03-03,70.058108,68.10109,1.957018,1.957018,3.829918,2.793421
16,3710,5,2025-03-04,69.471672,68.156136,1.315536,1.315536,1.730635,1.893629
16,3710,6,2025-03-05,69.312732,68.209937,1.102795,1.102795,1.216157,1.591042
16,3710,7,2025-03-06,70.279264,68.384208,1.895056,1.895056,3.591238,2.696466
16,3710,8,2025-03-07,70.822182,68.188713,2.633469,2.633469,6.935161,3.718425
16,3710,9,2025-03-08,70.12114,66.594713,3.526427,3.526427,12.435685,5.029049
16,3710,10,2025-03-09,67.665694,65.984339,1.681354,1.681354,2.826952,2.484796
16,3710,11,2025-03-10,69.147345,68.111598,1.035747,1.035747,1.072773,1.497885
16,3710,12,2025-03-11,70.741535,68.088021,2.653514,2.653514,7.041136,3.750998
16,3710,13,2025-03-12,68.923203,68.141479,0.781724,0.781724,0.611093,1.134196
16,3710,14,2025-03-13,68.379989,68.297237,0.082751,0.082751,0.006848,0.121017
17,3724,1,2025-03-14,68.440305,68.910754,-0.470448,0.470448,0.221322,0.687385
17,3724,2,2025-03-15,66.678162,67.808606,-1.130444,1.130444,1.277903,1.695373
17,3724,3,2025-03-16,66.517073,67.175683,-0.65861,0.65861,0.433767,0.990137
17,3724,4,2025-03-17,69.158134,68.680166,0.477969,0.477969,0.228454,0.691124
17,3724,5,2025-03-18,71.362447,68.821226,2.541221,2.541221,6.457803,3.561006
17,3724,6,2025-03-19,68.600401,68.895633,-0.295232,0.295232,0.087162,0.430365
17,3724,7,2025-03-20,69.170521,68.825372,0.345148,0.345148,0.119127,0.498982
17,3724,8,2025-03-21,69.938801,68.555495,1.383306,1.383306,1.913534,1.97788
17,3724,9,2025-03-22,68.443924,67.558094,0.88583,0.88583,0.784694,1.294242
17,3724,10,2025-03-23,68.895641,66.972013,1.923628,1.923628,3.700344,2.792089
17,3724,11,2025-03-24,68.285963,68.553982,-0.268019,0.268019,0.071834,0.392495
17,3724,12,2025-03-25,69.188482,68.696047,0.492435,0.492435,0.242493,0.71173
17,3724,13,2025-03-26,68.617553,68.779468,-0.161915,0.161915,0.026216,0.235967
17,3724,14,2025-03-27,68.111713,68.720101,-0.608388,0.608388,0.370136,0.89322
18,3738,1,2025-03-28,67.897431,68.55521,-0.657779,0.657779,0.432674,0.968784
18,3738,2,2025-03-29,66.524963,67.43738,-0.912417,0.912417,0.832505,1.371541
18,3738,3,2025-03-30,65.378191,66.919885,-1.541694,1.541694,2.376821,2.358117
18,3738,4,2025-03-31,67.331641,68.206779,-0.875139,0.875139,0.765867,1.299743
18,3738,5,2025-04-01,67.702474,68.49301,-0.790536,0.790536,0.624947,1.167661
18,3738,6,2025-04-02,67.792203,68.541696,-0.749493,0.749493,0.56174,1.105574
18,3738,7,2025-04-03,71.682057,68.615633,3.066424,3.066424,9.402955,4.277812
18,3738,8,2025-04-04,70.02878,68.389814,1.638965,1.638965,2.686207,2.340417
18,3738,9,2025-04-05,66.850625,67.258584,-0.407959,0.407959,0.166431,0.610255
18,3738,10,2025-04-06,69.20283,66.696425,2.506405,2.506405,6.282068,3.621825
18,3738,11,2025-04-07,67.650761,68.203661,-0.5529,0.5529,0.305698,0.817285
18,3738,12,2025-04-08,67.828545,68.492541,-0.663996,0.663996,0.440891,0.978933
18,3738,13,2025-04-09,68.032037,68.521876,-0.489839,0.489839,0.239942,0.720013
18,3738,14,2025-04-10,68.151884,68.568947,-0.417064,0.417064,0.173942,0.611962
19,3752,1,2025-04-11,69.15548,67.960979,1.194501,1.194501,1.426832,1.727269
19,3752,2,2025-04-12,67.259727,66.644408,0.615319,0.615319,0.378617,0.91484
19,3752,3,2025-04-13,65.971711,66.340114,-0.368402,0.368402,0.13572,0.558425
19,3752,4,2025-04-14,67.553335,67.659188,-0.105853,0.105853,0.011205,0.156696
19,3752,5,2025-04-15,68.221498,67.843121,0.378377,0.378377,0.143169,0.554631
19,3752,6,2025-04-16,67.35679,67.952848,-0.596058,0.596058,0.355285,0.884927
19,3752,7,2025-04-17,65.88432,68.148954,-2.264634,2.264634,5.128568,3.437289
19,3752,8,2025-04-18,64.923662,67.958937,-3.035274,3.035274,9.21289,4.675143
19,3752,9,2025-04-19,66.167503,66.600866,-0.433363,0.433363,0.187804,0.654949
19,3752,10,2025-04-20,65.108289,66.27015,-1.161861,1.161861,1.349922,1.784506
19,3752,11,2025-04-21,67.264016,67.756299,-0.492283,0.492283,0.242343,0.731867
19,3752,12,2025-04-22,67.705525,67.84255,-0.137025,0.137025,0.018776,0.202384
19,3752,13,2025-04-23,67.593402,67.925062,-0.33166,0.33166,0.109998,0.490669
19,3752,14,2025-04-24,68.091237,68.121031,-0.029794,0.029794,0.000888,0.043756
20,3766,1,2025-04-25,67.547803,67.362693,0.18511,0.18511,0.034266,0.274043
20,3766,2,2025-04-26,66.161661,66.116737,0.044924,0.044924,0.002018,0.0679
20,3766,3,2025-04-27,74.085288,65.804467,8.280821,8.280821,68.571998,11.177416
20,3766,4,2025-04-28,68.810827,67.428279,1.382548,1.382548,1.911438,2.009201
20,3766,5,2025-04-29,67.34066,67.640742,-0.300082,0.300082,0.090049,0.445618
20,3766,6,2025-04-30,67.931765,67.587708,0.344057,0.344057,0.118375,0.506474
20,3766,7,2025-05-01,67.579203,67.759325,-0.180122,0.180122,0.032444,0.266535
20,3766,8,2025-05-02,68.131502,67.477394,0.654109,0.654109,0.427858,0.960068
20,3766,9,2025-05-03,65.597717,66.007927,-0.41021,0.41021,0.168272,0.625342
20,3766,10,2025-05-04,66.284263,65.728623,0.55564,0.55564,0.308736,0.838269
20,3766,11,2025-05-05,69.040437,67.030888,2.00955,2.00955,4.038289,2.910685
20,3766,12,2025-05-06,68.044821,67.472779,0.572042,0.572042,0.327232,0.840683
20,3766,13,2025-05-07,67.974332,67.52166,0.452672,0.452672,0.204912,0.665945
20,3766,14,2025-05-08,68.170365,67.677516,0.492848,0.492848,0.242899,0.722966
21,3780,1,2025-05-09,68.708634,67.82764,0.880994,0.880994,0.77615,1.282217
21,3780,2,2025-05-10,67.065879,66.473162,0.592717,0.592717,0.351314,0.883783
21,3780,3,2025-05-11,65.97686,66.252786,-0.275926,0.275926,0.076135,0.418216
21,3780,4,2025-05-12,68.953572,67.947803,1.005769,1.005769,1.011572,1.458618
21,3780,5,2025-05-13,67.844365,67.980911,-0.136546,0.136546,0.018645,0.201264
21,3780,6,2025-05-14,68.478432,67.991004,0.487428,0.487428,0.237586,0.711798
21,3780,7,2025-05-15,66.888156,68.114299,-1.226143,1.226143,1.503427,1.833124
21,3780,8,2025-05-16,67.427465,67.766512,-0.339047,0.339047,0.114953,0.502832
21,3780,9,2025-05-17,65.855969,66.391572,-0.535603,0.535603,0.28687,0.813294
21,3780,10,2025-05-18,65.483829,66.241407,-0.757578,0.757578,0.573925,1.156893
21,3780,11,2025-05-19,68.325372,67.798477,0.526895,0.526895,0.277618,0.771156
21,3780,12,2025-05-20,68.254748,67.933406,0.321341,0.321341,0.10326,0.470797
21,3780,13,2025-05-21,68.563726,67.956822,0.606904,0.606904,0.368333,0.885168
21,3780,14,2025-05-22,67.572368,68.10416,-0.531792,0.531792,0.282803,0.786997
22,3794,1,2025-05-23,67.827378,68.137645,-0.310267,0.310267,0.096266,0.457437
22,3794,2,2025-05-24,65.990312,66.599977,-0.609665,0.609665,0.371691,0.92387
22,3794,3,2025-05-25,66.0897,66.118769,-0.029068,0.029068,0.000845,0.043983
22,3794,4,2025-05-26,67.379315,68.120675,-0.74136,0.74136,0.549614,1.100278
22,3794,5,2025-05-27,67.688072,68.180946,-0.492874,0.492874,0.242925,0.728155
22,3794,6,2025-05-28,67.87252,68.060744,-0.188224,0.188224,0.035428,0.27732
22,3794,7,2025-05-29,67.860288,68.235263,-0.374975,0.374975,0.140606,0.552569
22,3794,8,2025-05-30,67.863992,68.020378,-0.156385,0.156385,0.024456,0.230439
22,3794,9,2025-05-31,65.938833,66.498341,-0.559507,0.559507,0.313049,0.848525
22,3794,10,2025-06-01,64.990913,65.908607,-0.917694,0.917694,0.842163,1.412035
22,3794,11,2025-06-02,67.142876,67.872444,-0.729568,0.729568,0.53227,1.086591
22,3794,12,2025-06-03,67.360987,68.107545,-0.746559,0.746559,0.55735,1.108296
22,3794,13,2025-06-04,67.764622,68.127393,-0.362772,0.362772,0.131603,0.535341
22,3794,14,2025-06-05,67.671508,68.293772,-0.622264,0.622264,0.387212,0.919536
23,3808,1,2025-06-06,67.802209,67.569241,0.232968,0.232968,0.054274,0.343599
23,3808,2,2025-06-07,65.831968,65.903504,-0.071535,0.071535,0.005117,0.108664
23,3808,3,2025-06-08,65.142132,65.2676,-0.125468,0.125468,0.015742,0.192606
23,3808,4,2025-06-09,67.547318,67.357091,0.190226,0.190226,0.036186,0.281619
23,3808,5,2025-06-10,67.583603,67.610157,-0.026554,0.026554,0.000705,0.039291
23,3808,6,2025-06-11,67.890429,67.608676,0.281754,0.281754,0.079385,0.415013
23,3808,7,2025-06-12,67.812047,67.7354,0.076647,0.076647,0.005875,0.113028
23,3808,8,2025-06-13,67.540024,67.489544,0.05048,0.05048,0.002548,0.074741
23,3808,9,2025-06-14,66.269386,65.789184,0.480202,0.480202,0.230594,0.724621
23,3808,10,2025-06-15,65.256171,65.113461,0.14271,0.14271,0.020366,0.218692
23,3808,11,2025-06-16,67.702843,67.276735,0.426108,0.426108,0.181568,0.629379
23,3808,12,2025-06-17,67.380434,67.442993,-0.062559,0.062559,0.003914,0.092844
23,3808,13,2025-06-18,67.925786,67.50351,0.422276,0.422276,0.178317,0.621672
23,3808,14,2025-06-19,67.653507,67.672229,-0.018723,0.018723,0.000351,0.027674
24,3822,1,2025-06-20,67.546552,67.646925,-0.100373,0.100373,0.010075,0.148599
24,3822,2,2025-06-21,65.563278,65.873609,-0.310331,0.310331,0.096305,0.473331
24,3822,3,2025-06-22,65.026523,65.208488,-0.181965,0.181965,0.033111,0.279832
24,3822,4,2025-06-23,67.357025,67.418257,-0.061232,0.061232,0.003749,0.090906
24,3822,5,2025-06-24,67.589151,67.598381,-0.009229,0.009229,8.5e-05,0.013655
24,3822,6,2025-06-25,67.672217,67.61009,0.062127,0.062127,0.00386,0.091805
24,3822,7,2025-06-26,67.837589,67.796851,0.040738,0.040738,0.00166,0.060052
24,3822,8,2025-06-27,67.550887,67.533221,0.017666,0.017666,0.000312,0.026152
24,3822,9,2025-06-28,65.734018,65.815163,-0.081145,0.081145,0.006585,0.123445
24,3822,10,2025-06-29,64.879688,65.033485,-0.153797,0.153797,0.023653,0.237049
24,3822,11,2025-06-30,67.757101,67.419186,0.337915,0.337915,0.114187,0.498715
24,3822,12,2025-07-01,67.580801,67.553457,0.027344,0.027344,0.000748,0.040462
24,3822,13,2025-07-02,67.776056,67.590359,0.185697,0.185697,0.034483,0.273986
24,3822,14,2025-07-03,68.240615,67.734325,0.50629,0.50629,0.256329,0.741919
25,3836,1,2025-07-04,68.003134,67.581318,0.421816,0.421816,0.177929,0.62029
25,3836,2,2025-07-05,66.463175,65.718883,0.744292,0.744292,0.553971,1.119856
25,3836,3,2025-07-06,64.539956,64.89053,-0.350574,0.350574,0.122902,0.543189
25,3836,4,2025-07-07,67.511028,67.300986,0.210041,0.210041,0.044117,0.311122
25,3836,5,2025-07-08,67.254245,67.507259,-0.253014,0.253014,0.064016,0.376205
25,3836,6,2025-07-09,67.522127,67.545552,-0.023425,0.023425,0.000549,0.034693
25,3836,7,2025-07-10,67.970417,67.668884,0.301533,0.301533,0.090922,0.443623
25,3836,8,2025-07-11,67.401456,67.458893,-0.057437,0.057437,0.003299,0.085216
25,3836,9,2025-07-12,65.121087,65.631274,-0.510187,0.510187,0.260291,0.783444
25,3836,10,2025-07-13,64.580289,64.750455,-0.170166,0.170166,0.028956,0.263495
25,3836,11,2025-07-14,67.232562,67.228536,0.004026,0.004026,1.6e-05,0.005988
25,3836,12,2025-07-15,67.695373,67.407374,0.287998,0.287998,0.082943,0.425433
25,3836,13,2025-07-16,67.26699,67.47586,-0.20887,0.20887,0.043627,0.310509
25,3836,14,2025-07-17,67.720195,67.60014,0.120055,0.120055,0.014413,0.177281
26,3850,1,2025-07-18,67.321679,67.379772,-0.058094,0.058094,0.003375,0.086293
26,3850,2,2025-07-19,65.177039,65.60978,-0.432741,0.432741,0.187264,0.663946
26,3850,3,2025-07-20,64.835737,64.727347,0.108391,0.108391,0.011749,0.167177
26,3850,4,2025-07-21,67.030566,67.202559,-0.171992,0.171992,0.029581,0.256588
26,3850,5,2025-07-22,67.482634,67.371107,0.111528,0.111528,0.012438,0.165269
26,3850,6,2025-07-23,68.498865,67.439709,1.059156,1.059156,1.12181,1.546238
26,3850,7,2025-07-24,67.573668,67.499774,0.073894,0.073894,0.00546,0.109353
26,3850,8,2025-07-25,64.589004,67.307584,-2.71858,2.71858,7.390675,4.209044
26,3850,9,2025-07-26,64.470625,65.44035,-0.969725,0.969725,0.940367,1.504135
26,3850,10,2025-07-27,63.876496,64.690639,-0.814142,0.814142,0.662828,1.274557
26,3850,11,2025-07-28,67.006799,67.08781,-0.081011,0.081011,0.006563,0.120899
26,3850,12,2025-07-29,67.017501,67.260312,-0.242811,0.242811,0.058957,0.36231
26,3850,13,2025-07-30,67.184108,67.328965,-0.144857,0.144857,0.020983,0.215612
26,3850,14,2025-07-31,67.205492,67.435708,-0.230216,0.230216,0.052999,0.342555
27,3864,1,2025-08-01,66.777083,66.712148,0.064934,0.064934,0.004216,0.097241
27,3864,2,2025-08-02,64.451829,64.999892,-0.548063,0.548063,0.300373,0.850345
27,3864,3,2025-08-03,64.002109,64.60184,-0.599732,0.599732,0.359678,0.93705
27,3864,4,2025-08-04,67.02074,66.645822,0.374917,0.374917,0.140563,0.559405
27,3864,5,2025-08-05,66.898632,66.947055,-0.048423,0.048423,0.002345,0.072382
27,3864,6,2025-08-06,66.186056,66.994946,-0.808889,0.808889,0.654302,1.222145
27,3864,7,2025-08-07,66.478353,67.04188,-0.563527,0.563527,0.317563,0.847685
27,3864,8,2025-08-08,66.110174,66.590437,-0.480263,0.480263,0.230652,0.726458
27,3864,9,2025-08-09,65.941995,64.803903,1.138093,1.138093,1.295255,1.725899
27,3864,10,2025-08-10,64.380668,64.583013,-0.202345,0.202345,0.040943,0.314295
27,3864,11,2025-08-11,66.180628,66.68567,-0.505042,0.505042,0.255068,0.763127
27,3864,12,2025-08-12,66.264039,66.87641,-0.612371,0.612371,0.374998,0.924138
27,3864,13,2025-08-13,66.089872,66.962811,-0.87294,0.87294,0.762023,1.320837
27,3864,14,2025-08-14,66.873439,66.937802,-0.064363,0.064363,0.004143,0.096246
28,3878,1,2025-08-15,64.429426,66.290449,-1.861023,1.861023,3.463406,2.888467
28,3878,2,2025-08-16,64.286095,64.592479,-0.306384,0.306384,0.093871,0.476595
28,3878,3,2025-08-17,63.618549,64.143709,-0.52516,0.52516,0.275793,0.825482
28,3878,4,2025-08-18,66.418639,66.224692,0.193947,0.193947,0.037615,0.292006
28,3878,5,2025-08-19,66.031258,66.4692,-0.437942,0.437942,0.191793,0.663235
28,3878,6,2025-08-20,66.089633,66.595138,-0.505505,0.505505,0.255536,0.764878
28,3878,7,2025-08-21,66.394827,66.653258,-0.258431,0.258431,0.066787,0.389234
28,3878,8,2025-08-22,65.813775,66.416354,-0.602579,0.602579,0.363101,0.915582
28,3878,9,2025-08-23,64.158516,64.755549,-0.597033,0.597033,0.356449,0.930559
28,3878,10,2025-08-24,63.60914,64.284082,-0.674942,0.674942,0.455547,1.061077
28,3878,11,2025-08-25,65.999066,66.476177,-0.477111,0.477111,0.227635,0.722905
28,3878,12,2025-08-26,66.536632,66.688973,-0.15234,0.15234,0.023208,0.228957
28,3878,13,2025-08-27,69.605565,66.789103,2.816462,2.816462,7.932459,4.046317
28,3878,14,2025-08-28,66.780657,66.941891,-0.161234,0.161234,0.025996,0.241438
29,3892,1,2025-08-29,68.542046,66.580216,1.96183,1.96183,3.848776,2.862228
29,3892,2,2025-08-30,64.854468,65.013395,-0.158927,0.158927,0.025258,0.245052
29,3892,3,2025-08-31,64.585578,64.95828,-0.372701,0.372701,0.138906,0.577066
29,3892,4,2025-09-01,66.899283,66.881018,0.018264,0.018264,0.000334,0.027301
29,3892,5,2025-09-02,67.361956,67.02703,0.334926,0.334926,0.112176,0.497204
29,3892,6,2025-09-03,67.16556,67.139141,0.02642,0.02642,0.000698,0.039335
29,3892,7,2025-09-04,67.405702,67.266877,0.138824,0.138824,0.019272,0.205953
29,3892,8,2025-09-05,67.214406,66.863446,0.35096,0.35096,0.123173,0.52215
29,3892,9,2025-09-06,65.624927,65.323751,0.301176,0.301176,0.090707,0.458935
29,3892,10,2025-09-07,64.692495,65.230715,-0.538221,0.538221,0.289681,0.831968
29,3892,11,2025-09-08,67.002007,67.115207,-0.113201,0.113201,0.012814,0.168951
29,3892,12,2025-09-09,67.626104,67.361302,0.264803,0.264803,0.07012,0.391569
29,3892,13,2025-09-10,67.702688,67.361686,0.341002,0.341002,0.116282,0.503675
29,3892,14,2025-09-11,67.563779,67.548403,0.015376,0.015376,0.000236,0.022757
30,3906,1,2025-09-12,67.529178,67.619234,-0.090055,0.090055,0.00811,0.133358
30,3906,2,2025-09-13,65.69338,65.837574,-0.144193,0.144193,0.020792,0.219495
30,3906,3,2025-09-14,64.70178,65.241201,-0.539421,0.539421,0.290975,0.833703
30,3906,4,2025-09-15,67.696127,67.445054,0.251073,0.251073,0.063038,0.370882
30,3906,5,2025-09-16,68.055391,67.681853,0.373538,0.373538,0.13953,0.548873
30,3906,6,2025-09-17,67.711509,67.664734,0.046775,0.046775,0.002188,0.06908
30,3906,7,2025-09-18,67.834938,67.929629,-0.094691,0.094691,0.008966,0.13959
30,3906,8,2025-09-19,67.602579,67.693543,-0.090964,0.090964,0.008274,0.134557
30,3906,9,2025-09-20,65.764907,65.991192,-0.226285,0.226285,0.051205,0.344082
30,3906,10,2025-09-21,64.87463,65.449265,-0.574635,0.574635,0.330206,0.885763
30,3906,11,2025-09-22,67.56624,67.543422,0.022818,0.022818,0.000521,0.033772
30,3906,12,2025-09-23,67.737936,67.775721,-0.037784,0.037784,0.001428,0.05578
30,3906,13,2025-09-24,67.721695,67.830781,-0.109086,0.109086,0.0119,0.16108
30,3906,14,2025-09-25,67.564468,68.083635,-0.519168,0.519168,0.269535,0.768403
31,3920,1,2025-09-26,67.774872,67.814457,-0.039585,0.039585,0.001567,0.058407
31,3920,2,2025-09-27,65.911078,66.041375,-0.130297,0.130297,0.016977,0.197686
31,3920,3,2025-09-28,64.907397,65.313222,-0.405825,0.405825,0.164694,0.625236
31,3920,4,2025-09-29,67.89831,67.630658,0.267652,0.267652,0.071638,0.394195
31,3920,5,2025-09-30,67.762483,67.788304,-0.025821,0.025821,0.000667,0.038105
31,3920,6,2025-10-01,68.38025,67.838585,0.541665,0.541665,0.293401,0.792136
31,3920,7,2025-10-02,67.988623,68.134218,-0.145595,0.145595,0.021198,0.214146
31,3920,8,2025-10-03,67.315563,67.852772,-0.537209,0.537209,0.288594,0.798046
31,3920,9,2025-10-04,66.918518,66.090752,0.827766,0.827766,0.685197,1.236976
31,3920,10,2025-10-05,67.183126,65.303417,1.879709,1.879709,3.533305,2.797888
31,3920,11,2025-10-06,68.069923,67.703641,0.366281,0.366281,0.134162,0.538095
31,3920,12,2025-10-07,68.889346,67.838315,1.051031,1.051031,1.104665,1.525679
31,3920,13,2025-10-08,67.683964,67.944655,-0.260692,0.260692,0.06796,0.38516
31,3920,14,2025-10-09,68.047799,68.274803,-0.227004,0.227004,0.051531,0.333595
32,3934,1,2025-10-10,68.264238,67.955851,0.308387,0.308387,0.095103,0.451755
32,3934,2,2025-10-11,66.143135,66.527276,-0.38414,0.38414,0.147564,0.580771
32,3934,3,2025-10-12,67.53568,66.160013,1.375667,1.375667,1.892459,2.036948
32,3934,4,2025-10-13,67.095954,67.997596,-0.901642,0.901642,0.812957,1.343809
32,3934,5,2025-10-14,67.56704,68.139877,-0.572836,0.572836,0.328141,0.847804
32,3934,6,2025-10-15,67.90963,68.147891,-0.238262,0.238262,0.056769,0.350851
32,3934,7,2025-10-16,67.956672,68.36923,-0.412559,0.412559,0.170205,0.607091
32,3934,8,2025-10-17,67.919592,68.004752,-0.08516,0.08516,0.007252,0.125383
32,3934,9,2025-10-18,66.677651,66.546571,0.13108,0.13108,0.017182,0.196588
32,3934,10,2025-10-19,65.559678,66.166643,-0.606965,0.606965,0.368407,0.925821
32,3934,11,2025-10-20,67.903716,67.944099,-0.040384,0.040384,0.001631,0.059472
32,3934,12,2025-10-21,68.652511,68.198161,0.454351,0.454351,0.206435,0.661812
32,3934,13,2025-10-22,68.226271,68.234658,-0.008388,0.008388,7e-05,0.012294
32,3934,14,2025-10-23,68.107859,68.405161,-0.297302,0.297302,0.088388,0.436516
33,3948,1,2025-10-24,67.779959,68.08316,-0.303202,0.303202,0.091931,0.447333
33,3948,2,2025-10-25,66.451269,66.635553,-0.184284,0.184284,0.033961,0.277322
33,3948,3,2025-10-26,66.420217,66.206371,0.213846,0.213846,0.04573,0.321958
33,3948,4,2025-10-27,68.003792,67.989025,0.014767,0.014767,0.000218,0.021715
33,3948,5,2025-10-28,67.988282,68.17448,-0.186198,0.186198,0.03467,0.273868
33,3948,6,2025-10-29,69.99007,68.216219,1.773851,1.773851,3.146546,2.534432
33,3948,7,2025-10-30,68.899237,68.449444,0.449793,0.449793,0.202314,0.652827
33,3948,8,2025-10-31,68.33313,68.064023,0.269107,0.269107,0.072419,0.393816
33,3948,9,2025-11-01,66.441816,66.579293,-0.137478,0.137478,0.0189,0.206915
33,3948,10,2025-11-02,65.865303,66.09021,-0.224907,0.224907,0.050583,0.341465
33,3948,11,2025-11-03,67.821693,67.92444,-0.102747,0.102747,0.010557,0.151495
33,3948,12,2025-11-04,68.136172,68.116739,0.019434,0.019434,0.000378,0.028522
33,3948,13,2025-11-05,68.638309,68.174319,0.46399,0.46399,0.215287,0.675993
33,3948,14,2025-11-06,68.530124,68.416039,0.114086,0.114086,0.013016,0.166475
34,3962,1,2025-11-07,69.243212,68.388311,0.8549,0.8549,0.730854,1.234634
34,3962,2,2025-11-08,67.166711,66.815092,0.351619,0.351619,0.123636,0.523502
34,3962,3,2025-11-09,66.19509,66.173538,0.021553,0.021553,0.000465,0.032559
34,3962,4,2025-11-10,66.245806,68.359281,-2.113475,2.113475,4.466778,3.190353
34,3962,5,2025-11-11,68.622276,68.430811,0.191465,0.191465,0.036659,0.279013
34,3962,6,2025-11-12,68.38815,68.433165,-0.045015,0.045015,0.002026,0.065823
34,3962,7,2025-11-13,70.254714,68.681794,1.57292,1.57292,2.474076,2.238881
34,3962,8,2025-11-14,69.805342,68.415472,1.38987,1.38987,1.931738,1.991065
34,3962,9,2025-11-15,69.624419,66.881612,2.742807,2.742807,7.522993,3.939433
34,3962,10,2025-11-16,68.34283,66.208374,2.134456,2.134456,4.555904,3.123161
34,3962,11,2025-11-17,68.582469,68.299511,0.282958,0.282958,0.080065,0.412581
34,3962,12,2025-11-18,68.579615,68.433503,0.146112,0.146112,0.021349,0.213054
34,3962,13,2025-11-19,68.746397,68.42172,0.324677,0.324677,0.105415,0.472282
34,3962,14,2025-11-20,68.466484,68.653789,-0.187305,0.187305,0.035083,0.273571
35,3976,1,2025-11-21,68.381675,68.541839,-0.160164,0.160164,0.025652,0.23422
35,3976,2,2025-11-22,67.635715,67.52575,0.109965,0.109965,0.012092,0.162585
35,3976,3,2025-11-23,66.210712,66.872231,-0.661519,0.661519,0.437608,0.999112
35,3976,4,2025-11-24,70.088944,68.065735,2.023209,2.023209,4.093376,2.886631
35,3976,5,2025-11-25,68.785903,68.471621,0.314282,0.314282,0.098773,0.456899
35,3976,6,2025-11-26,68.875139,68.5606,0.314539,0.314539,0.098935,0.45668
35,3976,7,2025-11-27,69.150622,68.586989,0.563633,0.563633,0.317682,0.81508
35,3976,8,2025-11-28,68.629857,68.499732,0.130125,0.130125,0.016932,0.189604
35,3976,9,2025-11-29,67.272819,67.487165,-0.214347,0.214347,0.045944,0.318623
35,3976,10,2025-11-30,66.993185,66.866587,0.126598,0.126598,0.016027,0.188971
35,3976,11,2025-12-01,68.54508,68.150506,0.394573,0.394573,0.155688,0.575641
35,3976,12,2025-12-02,69.496955,68.442736,1.054219,1.054219,1.111378,1.516929
35,3976,13,2025-12-03,68.925858,68.559603,0.366256,0.366256,0.134143,0.531376
35,3976,14,2025-12-04,69.248983,68.634825,0.614158,0.614158,0.377189,0.886883
36,3990,1,2025-12-05,68.714564,68.908224,-0.193659,0.193659,0.037504,0.281832
36,3990,2,2025-12-06,66.264594,67.44988,-1.185286,1.185286,1.404903,1.788717
36,3990,3,2025-12-07,65.596321,66.635195,-1.038874,1.038874,1.07926,1.583739
36,3990,4,2025-12-08,65.830617,68.751048,-2.92043,2.92043,8.528914,4.43628
36,3990,5,2025-12-09,68.477921,68.866499,-0.388578,0.388578,0.150993,0.56745
36,3990,6,2025-12-10,70.627801,68.975369,1.652433,1.652433,2.730534,2.339635
36,3990,7,2025-12-11,69.45229,69.017888,0.434402,0.434402,0.188705,0.625468
36,3990,8,2025-12-12,69.013606,68.829825,0.183781,0.183781,0.033776,0.266297
36,3990,9,2025-12-13,67.767859,67.469623,0.298236,0.298236,0.088945,0.440085
36,3990,10,2025-12-14,66.716066,66.616529,0.099538,0.099538,0.009908,0.149196
36,3990,11,2025-12-15,68.316185,68.647681,-0.331496,0.331496,0.10989,0.485238
36,3990,12,2025-12-16,70.435502,68.687592,1.747911,1.747911,3.055192,2.481576
36,3990,13,2025-12-17,69.202087,68.828418,0.373669,0.373669,0.139629,0.539968
36,3990,14,2025-12-18,69.046161,68.958715,0.087446,0.087446,0.007647,0.126649
